,time_sum
0,0.36861111
1,0.832499998
2,1.189722221
3,1.628888889
4,1.835555553
5,1.876111105
6,2.239166661
7,2.449166662
8,2.571111106
9,2.747777775
10,2.82305555
11,2.971388882
12,3.336388882
13,3.516111105
14,3.733055552
15,3.887499997
16,4.093888886
17,4.124444442
18,4.144999998
19,4.158888886
20,4.208888886
21,4.231944441
22,4.314166664
23,4.373333331
24,4.456388886
25,4.552222219
26,4.82083333
27,5.105555551
28,5.288611107
29,5.408055551
30,5.754722217
31,5.961388885
32,6.061388885
33,6.237222217
34,6.415277774
35,6.647777776
36,6.735833334
37,6.882222222
38,6.904722223
39,7.014166668
40,7.233888891
41,7.389722223
42,7.448611111
43,7.4675
44,7.499444445
45,7.648055557
46,7.729722222
47,7.865833334
48,8.121111112
49,8.916388889
50,9.280555559
51,9.762222223
52,10.03527778
53,10.21027778
54,10.24027778
55,10.33638889
56,10.40333333
57,10.49666667
58,10.56527778
59,10.83333333
60,10.88166666
61,10.89111111
62,11.39777777
63,11.42111111
64,11.43944444
65,11.45
66,11.58083333
67,11.64249999
68,11.69999999
69,11.73111111
70,11.76749999
71,11.83333333
72,11.87749999
73,12.46055555
74,12.51916666
75,12.65194444
76,12.97666666
77,13.06916666
78,13.14083333
79,13.15611111
80,13.16944444
81,13.18027778
82,13.38805555
83,14.6325
84,15.08
85,15.39
86,15.41888889
87,15.46166667
88,15.49805555
89,15.59166667
90,15.75444444
91,15.78027778
92,15.89333333
93,15.91166666
94,15.92805555
95,15.93527777
96,16.01611111
97,16.10333333
98,16.17777778
99,16.30722222
100,16.51972222
101,16.6725
102,17.13361111
103,17.57694444
104,18.0861111
105,18.56638888
106,19.12138888
107,19.44138888
108,19.98444444
109,20.43722222
110,20.48416666
111,20.5775
112,20.66527778
113,20.69194444
114,20.80111111
115,20.8825
116,20.96861111
117,21.54083333
118,21.97166666
119,22.29333333
120,22.66166667
121,22.84805555
122,23.1475
123,23.34
124,23.55611111
125,23.60472222
126,23.6525
127,23.80166667
128,23.91583334
129,24.06888889
130,24.21
131,24.30888889
132,24.35027778
133,24.39972222
134,24.50305556
135,24.6375
136,24.80444444
137,24.92444444
138,24.94138889
139,25.11777778
140,25.14416667
141,25.18666667
142,25.3725
143,25.57194444
144,25.60444444
145,25.80194444
146,26.02138889
147,26.19555556
148,26.2725
149,26.3475
150,26.42722222
151,26.43944445
152,26.47222222
153,26.52777778
154,26.59055556
155,26.66
156,26.67694445
157,26.68194445
158,26.69444445
159,26.72611112
160,26.77583334
161,26.80611112
162,26.80638889
163,26.82222223
164,26.84833334
165,26.91444445
166,27.08444445
167,27.11083334
168,27.13666667
169,27.14972223
170,27.1638889
171,27.17861112
172,27.32388889
173,27.53472223
174,27.6738889
175,27.81611112
176,27.85833334
177,27.88333334
178,27.9063889
179,28.00361112
180,28.10333334
181,28.16750001
182,28.27583334
183,28.30583334
184,28.32750001
185,28.35444445
186,28.36000001
187,28.36500001
188,28.37000001
189,28.37500001
190,28.37972223
191,28.38416668
192,28.39250001
193,28.39750001
194,28.40222223
195,28.41472223
196,28.42027779
197,28.42583334
198,28.44722223
199,28.45472223
200,28.46194445
201,28.46916668
202,28.4763889
203,28.49972223
204,28.52277779
205,28.54527779
206,29.01611112
207,29.12194446
208,29.13750001
209,29.16166668
210,29.20111112
211,29.41333335
212,29.74972224
213,29.84194446
214,29.8663889
215,29.98750001
216,30.35111112
217,31.28722223
218,31.43055556
219,31.51555557
220,31.59861112
221,31.60500001
222,31.6238889
223,31.64277779
224,31.65444445
225,31.66222223
226,31.67555556
227,31.68472223
228,31.69277779
229,31.70833334
230,31.71555556
231,31.82861112
232,31.92972223
233,32.08972223
234,32.17222223
235,32.3213889
236,32.62027778
237,32.63361112
238,32.6388889
239,32.6988889
240,32.73666667
241,33.04944445
242,33.29666668
243,33.4188889
244,33.52583334
245,33.75750001
246,34.11000001
247,34.37194446
248,34.63944446
249,34.72305557
250,34.95972223
251,35.26944446
252,35.2888889
253,35.3363889
254,35.38194446
255,35.47277779
256,35.57500001
257,35.69000001
258,36.14194446
259,36.25055557
260,36.81694446
261,37.06500002
262,37.11583335
263,37.23416668
264,37.25500001
265,37.28611113
266,37.33444446
267,37.33944446
268,37.33972224
269,37.39666668
270,37.52555557
271,37.57916668
272,37.64166668
273,37.65666668
274,37.65805557
275,37.68972224
276,37.70138891
277,37.71444446
278,37.72750002
279,37.74500002
280,37.7552778
281,37.76361113
282,37.83527779
283,37.90861113
284,37.97222224
285,38.0488889
286,38.10555557
287,38.18388891
288,38.22527779
289,38.25694446
290,38.31222224
291,38.33916668
292,38.3663889
293,38.39250002
294,38.40472224
295,38.55055557
296,38.59805557
297,38.63722224
298,38.65361113
299,38.69583335
300,38.86916669
301,39.04444446
302,39.10305557
303,39.21194446
304,39.42166668
305,39.59611113
306,39.8277778
307,39.8527778
308,39.85722224
309,39.9577778
310,39.99722224
311,40.10250002
312,40.2227778
313,40.3202778
314,40.77888891
315,40.81583335
316,40.84305557
317,40.87027779
318,40.89333335
319,40.94611113
320,40.99944446
321,41.0452778
322,41.07305557
323,41.09944446
324,41.12500002
325,41.15055558
326,41.20361113
327,41.25500002
328,41.29972224
329,41.39055558
330,41.4102778
331,41.42916669
332,41.45722224
333,41.62861113
334,41.71722224
335,41.85333335
336,41.96361113
337,42.10888891
338,42.18111113
339,42.25500002
340,42.4052778
341,42.42861113
342,42.54833336
343,42.60388891
344,42.81416669
345,42.83083336
346,42.88694447
347,42.92416669
348,43.18638891
349,43.83472225
350,43.8577778
351,43.87916669
352,43.92194447
353,43.94000003
354,43.96083336
355,43.96833336
356,43.97583336
357,43.98333336
358,43.99722225
359,44.01111114
360,44.02500003
361,44.03888892
362,44.0502778
363,44.06111114
364,44.07416669
365,44.08500003
366,44.09583336
367,44.10666669
368,44.18777781
369,44.3302778
370,44.96222225
371,45.7577778
372,46.19972225
373,46.55805558
374,46.62833336
375,46.6502778
376,46.66944447
377,46.72638891
378,46.75305558
379,46.81583336
380,47.23250002
381,47.47194447
382,47.68888891
383,47.85305558
384,47.89055558
385,47.95361114
386,48.0902778
387,48.24166669
388,48.35222225
389,48.44972225
390,48.4827778
391,48.50472225
392,48.57055558
393,48.62305558
394,48.69416669
395,48.78333335
396,48.88638891
397,48.94388891
398,49.03305558
399,49.20750002
400,49.29388891
401,49.37750002
402,49.45555558
403,49.58111113
404,49.69166669
405,49.75694447
406,49.83388891
407,49.88361113
408,49.94555558
409,49.99194447
410,50.0102778
411,50.0477778
412,50.1727778
413,50.35138891
414,50.57666669
415,50.82694447
416,50.85416669
417,50.86944447
418,50.88472225
419,50.90083336
420,50.91694447
421,50.93472225
422,50.94833336
423,50.97444447
424,51.00638892
425,51.05722225
426,51.08222225
427,51.10083336
428,51.12888892
429,51.15666669
430,51.16361114
431,51.18055558
432,51.24805558
433,51.32500003
434,51.36277781
435,51.39944447
436,51.44666669
437,51.49111114
438,51.5452778
439,51.58111114
440,51.62055558
441,51.66833336
442,51.7252778
443,51.76972225
444,51.79888891
445,51.83611114
446,51.91666669
447,52.01333336
448,52.13083336
449,52.1927778
450,52.27472225
451,52.28888891
452,52.29833336
453,52.30666669
454,52.33194447
455,52.35861113
456,52.38638891
457,52.44500002
458,52.85833336
459,53.08694447
460,53.54916669
461,53.79805558
462,54.06722224
463,54.46000002
464,54.69111113
465,55.07527779
466,55.30583335
467,55.37694446
468,55.49333335
469,55.72138891
470,55.79166669
471,55.79666669
472,55.8027778
473,55.9052778
474,56.2002778
475,56.24361113
476,56.50638891
477,56.63750002
478,56.73638891
479,56.84222225
480,56.95000002
481,57.06638891
482,57.15472225
483,57.16722225
484,57.18055558
485,57.28666669
486,57.42250003
487,57.52805558
488,57.54722225
489,57.66888892
490,57.81222225
491,58.02000003
492,58.19472225
493,58.27583336
494,58.34277781
495,58.50750003
496,58.52972225
497,58.55000003
498,58.59472225
499,58.61083336
500,58.63972225
501,58.66000003
502,58.6766667
503,58.69888892
504,58.71944448
505,58.74000003
506,58.76638892
507,58.80861114
508,58.8316667
509,58.85222225
510,58.87444448
511,58.91277781
512,58.95750003
513,59.0166667
514,59.0841667
515,59.14611114
516,59.20583336
517,59.2816667
518,59.35138892
519,59.37805559
520,59.40055559
521,59.42111114
522,59.44333337
523,59.49333337
524,59.51611114
525,59.54138892
526,59.56333337
527,59.58527781
528,59.62944448
529,59.74944448
530,59.86888892
531,59.94000003
532,59.96361114
533,59.98388892
534,59.99027781
535,60.00805559
536,60.02722225
537,60.03500003
538,60.0491667
539,60.05861114
540,60.07750003
541,60.12111114
542,60.14361114
543,60.15972225
544,60.25833336
545,60.30805558
546,60.32250003
547,60.38777781
548,60.47944447
549,60.50861114
550,60.53138892
551,60.54305558
552,60.55472225
553,60.56638892
554,60.57777781
555,60.63972225
556,60.74027781
557,60.81055558
558,60.85055558
559,60.88500003
560,60.93027781
561,60.96611114
562,61.00222225
563,61.07388892
564,61.19194447
565,61.31638892
566,61.40527781
567,61.48972225
568,61.56361114
569,61.59861114
570,61.63138892
571,61.67500003
572,61.69166669
573,61.69694447
574,61.70138892
575,61.70750003
576,61.75138892
577,61.78388892
578,61.80666669
579,61.82000003
580,61.83555558
581,61.89611114
582,62.54388892
583,62.67277781
584,62.83472225
585,62.92083336
586,63.16972225
587,63.59611114
588,63.71166669
589,63.76388892
590,63.77305558
591,63.78416669
592,63.82083336
593,63.83833336
594,63.85444447
595,63.86222225
596,63.86888892
597,63.87444447
598,63.88944447
599,63.89944447
600,63.90861114
601,64.16888892
602,64.25222225
603,64.27000003
604,64.30027781
605,64.43000003
606,64.55972225
607,64.79055559
608,64.81722225
609,64.85333336
610,65.30250003
611,65.68555558
612,66.11555558
613,66.25611114
614,66.39111114
615,66.61694447
616,66.74500003
617,66.86583336
618,66.9841667
619,67.00472225
620,67.04805558
621,67.07444447
622,67.08388892
623,67.09333336
624,67.10194447
625,67.1127778
626,67.12805558
627,67.13750003
628,67.14666669
629,67.16055558
630,67.22583336
631,67.32666669
632,67.41361114
633,67.49638892
634,67.53888892
635,67.57277781
636,67.67055558
637,67.76555558
638,67.9927778
639,68.10555558
640,68.26305558
641,68.40638892
642,68.47944447
643,68.48805558
644,68.54277781
645,68.65388891
646,68.73500002
647,68.82888891
648,68.84638891
649,68.94805558
650,68.99555558
651,69.21750002
652,69.24055558
653,69.25583336
654,69.26500003
655,69.27555558
656,69.36222225
657,69.44805558
658,69.50111114
659,69.55472225
660,69.65194447
661,69.69194447
662,69.73388891
663,69.74722225
664,69.97861113
665,69.99861113
666,70.19972224
667,70.26444447
668,70.30500002
669,70.33166669
670,70.35805558
671,70.37861113
672,70.41583336
673,70.53361113
674,70.61694447
675,70.67500002
676,70.68944447
677,70.75500002
678,70.8177778
679,70.88305558
680,70.94694447
681,71.01138891
682,71.04888891
683,71.09444447
684,71.16472225
685,71.22916669
686,71.34222225
687,71.43972225
688,71.5277778
689,71.61166669
690,71.6177778
691,71.63611113
692,71.66055558
693,71.67638891
694,71.7027778
695,71.72916669
696,71.7577778
697,71.84638891
698,71.85638891
699,71.87305558
700,71.89805558
701,71.92611113
702,72.11833335
703,72.31000002
704,72.65083335
705,72.94972224
706,73.19055558
707,73.2077778
708,73.21694446
709,73.22611113
710,73.23333335
711,73.24333335
712,73.25333335
713,73.27694446
714,73.30444446
715,73.32111113
716,73.3377778
717,73.35444447
718,73.37222224
719,73.40611113
720,73.45500002
721,73.51833336
722,73.56833336
723,73.61111113
724,73.65000002
725,73.68388891
726,73.69472224
727,73.72722224
728,73.76722224
729,73.82472224
730,73.98222224
731,74.10611113
732,74.26972224
733,74.42611113
734,74.73388891
735,74.99888891
736,75.11500002
737,75.19472224
738,75.24194446
739,75.33166669
740,75.46944446
741,75.51416669
742,75.56388891
743,75.61888891
744,75.65055557
745,75.67333335
746,75.74250002
747,75.76666669
748,75.79944446
749,75.83472224
750,75.89333335
751,75.96500002
752,76.01638891
753,76.06000002
754,76.09611113
755,76.13388891
756,76.1877778
757,76.21944446
758,76.25750002
759,76.27944446
760,76.29194446
761,76.30222224
762,76.31972224
763,76.36805557
764,76.46111113
765,76.73916669
766,76.97611113
767,77.17611113
768,77.18750002
769,77.19888891
770,77.37305557
771,77.45194446
772,77.53722224
773,77.62388891
774,77.64222224
775,77.67555558
776,77.71611113
777,77.75416669
778,77.76444446
779,77.77472224
780,77.80000002
781,77.82083335
782,77.84805558
783,77.87583335
784,77.98166669
785,78.03305558
786,78.06333335
787,78.09055558
788,78.14583335
789,78.23861113
790,78.31638891
791,78.38000002
792,78.45666669
793,78.49444447
794,78.53805558
795,78.57666669
796,78.61444447
797,78.65333336
798,78.70250002
799,78.81500002
800,78.92666669
801,79.06250002
802,79.26666669
803,79.35416669
804,79.38166669
805,79.38638891
806,79.39972224
807,79.4052778
808,79.40972224
809,79.4577778
810,79.51472224
811,79.52166669
812,79.54888891
813,79.58638891
814,79.70361114
815,79.83944447
816,79.93222225
817,80.0577778
818,80.48638891
819,80.65833336
820,81.00944447
821,81.22944447
822,81.37000003
823,81.83833336
824,82.02222225
825,82.04722225
826,82.13388892
827,82.18416669
828,82.22722225
829,82.27472225
830,82.33888892
831,82.36861114
832,82.38861114
833,82.40194447
834,82.41500003
835,82.42833336
836,82.4427778
837,82.4477778
838,82.45972225
839,82.48611114
840,82.50611114
841,82.56638891
842,82.62750003
843,82.64972225
844,82.67722225
845,82.71333336
846,82.74277781
847,82.90472225
848,83.00194447
849,83.05083336
850,83.09555558
851,83.15833336
852,83.31888891
853,83.33194447
854,83.34222225
855,83.3527778
856,83.36194447
857,83.37250003
858,83.37722225
859,83.44555558
860,83.4777778
861,83.52916669
862,83.57333336
863,83.69416669
864,83.7952778
865,83.82166669
866,83.89083336
867,83.96333336
868,84.01305558
869,84.16250003
870,84.39194447
871,84.49888892
872,84.53722225
873,84.87861114
874,85.00388892
875,85.05027781
876,85.09250003
877,85.28805558
878,85.3291667
879,85.37027781
880,85.54694447
881,85.69472225
882,85.70500003
883,85.71222225
884,85.74777781
885,85.78194447
886,85.82277781
887,85.84611114
888,85.86944447
889,85.89305558
890,85.91611114
891,85.93916669
892,85.96055558
893,85.98194447
894,86.02777781
895,86.07333336
896,86.12000003
897,109.7261111
898,109.7683334
899,109.9236111
900,109.9691667
901,110.0172223
902,110.12
903,110.1566667
904,110.1694445
905,110.1941667
906,110.2172223
907,110.2861111
908,110.3027778
909,110.3086111
910,110.3105556
911,110.3388889
912,110.4027778
913,110.4391667
914,110.4738889
915,110.5611111
916,110.8347223
917,110.8552778
918,110.8602778
919,110.8708334
920,110.8927778
921,110.9211111
922,110.9333334
923,110.9452778
924,110.9561111
925,110.9794445
926,111.0144445
927,111.0566667
928,111.0966667
929,111.1094445
930,111.1211111
931,111.1358334
932,111.145
933,111.1547223
934,111.165
935,111.1752778
936,111.1838889
937,111.2080556
938,111.2411111
939,111.3730556
940,111.3988889
941,111.4377778
942,111.4636111
943,111.4833334
944,111.8705556
945,112.1638889
946,112.2077778
947,112.2947222
948,112.4130556
949,112.4163889
950,112.4375
951,112.4936111
952,112.5775
953,112.6322222
954,112.7169445
955,112.885
956,112.9327778
957,112.9605556
958,112.9983334
959,113.0086111
960,113.0172222
961,113.0391667
962,113.0902778
963,113.2386111
964,113.3097222
965,113.4436111
966,113.6580556
967,113.6586111
968,113.6980556
969,113.7230556
970,113.7463889
971,113.7588889
972,114.0597222
973,114.1716667
974,114.2922222
975,114.4363889
976,114.4572222
977,114.4794445
978,114.4963889
979,114.5116667
980,114.53
981,114.5358334
982,114.5708334
983,114.6711111
984,114.6841667
985,114.7255556
986,114.7505556
987,114.7755556
988,114.8027778
989,114.8258334
990,114.8558334
991,114.8683334
992,114.8888889
993,114.9066667
994,114.9241667
995,114.9408334
996,114.9544445
997,114.9675
998,114.9844445
999,115.0013889
1000,115.0130556
1001,115.0383334
1002,115.1547222
1003,115.1713889
1004,115.1897222
1005,115.3786111
1006,115.4544445
1007,115.5758334
1008,115.7186111
1009,116.0197222
1010,116.3188889
1011,116.9497222
1012,117.2361111
1013,117.3952778
1014,117.7316667
1015,141.8891667
1016,142.2366667
1017,142.4516667
1018,142.5683334
1019,142.6327778
1020,142.665
1021,142.6869445
1022,142.6977778
1023,142.8216667
1024,142.8922222
1025,143.0266667
1026,143.1808334
1027,143.5180556
1028,143.6186111
1029,143.6311111
1030,143.6461111
1031,143.6661111
1032,143.7283334
1033,143.7694445
1034,143.7833334
1035,143.8436111
1036,143.9044445
1037,143.9611111
1038,144.0169445
1039,144.09
1040,144.19
1041,144.2177778
1042,144.2555556
1043,144.2669445
1044,144.2922222
1045,144.3175
1046,144.3427778
1047,144.3633334
1048,144.3838889
1049,144.3955556
1050,144.4108334
1051,144.4269445
1052,144.4766667
1053,144.4925
1054,144.4994445
1055,144.5063889
1056,144.51
1057,144.5147222
1058,144.52
1059,144.5252778
1060,144.5333334
1061,144.5452778
1062,144.5594445
1063,144.5833334
1064,144.5986111
1065,144.6313889
1066,144.6466667
1067,144.7044445
1068,144.7525
1069,144.7638889
1070,144.7752778
1071,144.7891667
1072,144.8297222
1073,144.8422222
1074,144.8547222
1075,144.8711111
1076,144.9288889
1077,144.9433334
1078,144.9577778
1079,144.99
1080,145.0183334
1081,145.0477778
1082,145.0727778
1083,145.0994445
1084,145.125
1085,145.1472222
1086,145.1952778
1087,145.295
1088,145.4802778
1089,145.5972222
1090,145.66
1091,145.6691667
1092,145.6780556
1093,145.7016667
1094,145.7488889
1095,145.8016667
1096,145.8377778
1097,145.8775
1098,145.9172222
1099,145.9505556
1100,146.3105556
1101,146.3152778
1102,146.3613889
1103,146.3908334
1104,146.4219445
1105,146.4336111
1106,146.4452778
1107,146.4558334
1108,146.4663889
1109,146.4761111
1110,146.4852778
1111,146.4963889
1112,146.5052778
1113,146.5252778
1114,146.5486111
1115,146.6194445
1116,146.6530556
1117,146.68
1118,146.6913889
1119,146.7280556
1120,146.7697222
1121,146.7705556
1122,146.7872222
1123,146.8266667
1124,146.8502778
1125,146.8961111
1126,146.9638889
1127,146.9977778
1128,147.0283334
1129,147.0588889
1130,147.0713889
1131,147.0838889
1132,147.0975
1133,147.1138889
1134,147.1302778
1135,147.1388889
1136,147.1391667
1137,147.1513889
1138,147.1555556
1139,147.1627778
1140,147.1730556
1141,147.1827778
1142,147.1905556
1143,147.1980556
1144,147.2480556
1145,147.2747222
1146,147.2866667
1147,147.3041667
1148,147.3227778
1149,147.3283334
1150,147.3552778
1151,147.3725
1152,147.3902778
1153,147.4072222
1154,147.4275
1155,147.4441667
1156,147.4625
1157,147.48
1158,147.4958334
1159,147.5147222
1160,147.5625
1161,147.5738889
1162,147.595
1163,147.6091667
1164,147.6247222
1165,147.7094445
1166,147.7408334
1167,147.7727778
1168,147.7847222
1169,147.7975
1170,147.8105556
1171,147.8227778
1172,147.8366667
1173,147.8486111
1174,147.8605556
1175,147.8661111
1176,147.8708334
1177,147.8763889
1178,147.8808334
1179,147.8852778
1180,147.8897222
1181,147.8936111
1182,147.8983334
1183,147.9058334
1184,147.9102778
1185,147.9163889
1186,147.9266667
1187,147.9275
1188,147.9477778
1189,147.9688889
1190,147.9944445
1191,148.0155556
1192,148.0311111
1193,148.0425
1194,148.0919445
1195,148.16
1196,148.1861111
1197,148.2352778
1198,148.2886111
1199,148.2947222
1200,148.2988889
1201,148.2988889
1202,148.3030556
1203,148.3072222
1204,148.3083334
1205,148.3180556
1206,148.3272222
1207,148.3311111
1208,148.4402778
1209,148.6858334
1210,149.1405556
1211,149.6163889
1212,149.9886111
1213,150.375
1214,150.5727778
1215,150.7580556
1216,150.8288889
1217,150.8938889
1218,150.9525
1219,150.9966667
1220,151.0566667
1221,151.115
1222,151.1933334
1223,151.2777778
1224,151.3261111
1225,151.37
1226,151.4161111
1227,151.4422223
1228,151.4702778
1229,151.4841667
1230,151.4983334
1231,151.5302778
1232,151.5583334
1233,151.6075
1234,151.6458334
1235,151.6763889
1236,151.7113889
1237,151.7847223
1238,151.8508334
1239,151.95
1240,152.0388889
1241,152.1538889
1242,152.2052778
1243,152.2202778
1244,152.2341667
1245,152.2455556
1246,152.2569445
1247,152.3111111
1248,152.3886111
1249,152.4961111
1250,152.5227778
1251,152.5380556
1252,152.55
1253,152.5638889
1254,152.6105556
1255,152.6619445
1256,152.7086111
1257,152.7552778
1258,152.7975
1259,152.8136111
1260,152.8255556
1261,152.8366667
1262,152.8558334
1263,152.875
1264,152.8933334
1265,152.9063889
1266,152.9205556
1267,152.9472223
1268,152.9894445
1269,153.0002778
1270,153.0219445
1271,153.0744445
1272,153.0919445
1273,153.0972223
1274,153.0975
1275,153.1033334
1276,153.1125
1277,153.1347223
1278,153.1436111
1279,153.1508334
1280,153.2069445
1281,153.2308334
1282,153.2369445
1283,153.2433334
1284,153.2486111
1285,153.2694445
1286,153.2833334
1287,153.3397223
1288,153.3952778
1289,153.4966667
1290,153.605
1291,153.6883334
1292,153.7066667
1293,153.725
1294,153.7419445
1295,153.7483334
1296,153.9905556
1297,154.2872223
1298,154.5308334
1299,154.9986111
1300,155.3386111
1301,155.3913889
1302,155.4488889
1303,155.4788889
1304,155.5002778
1305,155.5244445
1306,155.5833334
1307,155.6461111
1308,155.6827778
1309,155.7169445
1310,155.7319445
1311,155.7822223
1312,155.825
1313,155.86
1314,155.8866667
1315,155.9172223
1316,155.95
1317,155.9747223
1318,156.0052778
1319,156.0572223
1320,156.1083334
1321,156.1563889
1322,156.1997223
1323,156.2208334
1324,156.2475
1325,156.3266667
1326,156.3930556
1327,156.4183334
1328,156.4666667
1329,156.5152778
1330,156.5630556
1331,156.6225
1332,156.6625
1333,156.7069445
1334,156.7508334
1335,156.795
1336,156.8383334
1337,156.8783334
1338,156.9141667
1339,157.0191667
1340,157.1763889
1341,157.1897223
1342,157.1938889
1343,157.1980556
1344,157.2025
1345,157.2069445
1346,157.215
1347,157.2188889
1348,157.2230556
1349,157.2269445
1350,157.2358334
1351,157.24
1352,157.2441667
1353,157.2477778
1354,157.2555556
1355,157.2669445
1356,157.2755556
1357,157.2822223
1358,157.2908334
1359,157.3055556
1360,157.3166667
1361,157.3272223
1362,157.3397223
1363,157.3588889
1364,157.3658334
1365,157.3708334
1366,157.3938889
1367,157.4013889
1368,157.405
1369,157.4094445
1370,157.4138889
1371,157.4338889
1372,157.45
1373,157.4813889
1374,157.5727778
1375,157.5880556
1376,157.6163889
1377,157.6816667
1378,157.7416667
1379,157.7838889
1380,157.8033334
1381,157.8258334
1382,157.8455556
1383,157.8541667
1384,157.8652778
1385,157.8813889
1386,157.8975
1387,157.9072223
1388,157.9405556
1389,157.9866667
1390,158.0013889
1391,158.0161111
1392,158.0361111
1393,158.0419445
1394,158.0491667
1395,158.0608334
1396,158.0955556
1397,158.1138889
1398,158.1444445
1399,158.1805556
1400,158.1927778
1401,158.2066667
1402,158.2205556
1403,158.2458334
1404,158.2541667
1405,158.2641667
1406,158.2736111
1407,158.2830556
1408,158.2919445
1409,158.3041667
1410,158.3352778
1411,158.4119445
1412,158.4247222
1413,158.5094445
1414,158.5272222
1415,158.5444445
1416,158.6325
1417,158.6933334
1418,158.7305556
1419,158.7494445
1420,158.7644445
1421,158.7691667
1422,158.7716667
1423,158.7797222
1424,158.8102778
1425,158.8363889
1426,158.8608334
1427,159.0347222
1428,159.3733334
1429,159.4794445
1430,159.4847222
1431,159.4997222
1432,159.5044445
1433,159.5325
1434,159.5386111
1435,159.5427778
1436,159.5458334
1437,159.5680556
1438,159.6302778
1439,159.6797222
1440,159.7036111
1441,159.7744445
1442,159.8841667
1443,159.9416667
1444,159.9452778
1445,159.95
1446,159.9525
1447,159.9544445
1448,159.9591667
1449,159.9930556
1450,160.0083334
1451,160.0511111
1452,160.0794445
1453,160.0897222
1454,160.0983334
1455,160.7022222
1456,160.7561111
1457,160.8972222
1458,160.9252778
1459,160.9508334
1460,160.9822222
1461,161.0097222
1462,161.0369445
1463,161.0708334
1464,161.0877778
1465,161.0922222
1466,161.1
1467,161.1025
1468,161.1041667
1469,161.1077778
1470,161.1544445
1471,161.1697222
1472,161.1891667
1473,161.2869445
1474,161.4180556
1475,161.4511111
1476,161.4627778
1477,161.4697222
1478,161.4766667
1479,161.4902778
1480,161.5005556
1481,161.5108334
1482,161.5205556
1483,161.5394445
1484,161.5544445
1485,161.5580556
1486,161.5666667
1487,161.5688889
1488,161.5711111
1489,161.6066667
1490,161.6891667
1491,161.7986111
1492,161.8330556
1493,161.9316667
1494,161.9972222
1495,162.2047222
1496,162.205
1497,162.2202778
1498,162.2483334
1499,162.2622223
1500,162.3002778
1501,162.3377778
1502,162.3622223
1503,162.3791667
1504,162.3961111
1505,162.4283334
1506,162.8011111
1507,162.8252778
1508,162.9163889
1509,163.0027778
1510,163.0463889
1511,163.1066667
1512,163.1913889
1513,163.2461111
1514,163.2636111
1515,163.3022222
1516,163.3319445
1517,163.3372222
1518,163.3483334
1519,163.4272222
1520,163.5086111
1521,163.5522222
1522,163.6466667
1523,163.8027778
1524,163.8827778
1525,163.9408334
1526,163.9938889
1527,164.05
1528,164.08
1529,164.1027778
1530,164.1413889
1531,164.18
1532,164.1847222
1533,164.1941667
1534,164.22
1535,164.2627778
1536,164.2805556
1537,164.2897222
1538,164.2988889
1539,164.3047222
1540,164.3144445
1541,164.365
1542,164.3886111
1543,164.4216667
1544,164.5144445
1545,164.5355556
1546,164.5480556
1547,164.5836111
1548,164.7080556
1549,164.8105556
1550,164.8852778
1551,164.8944445
1552,164.9583334
1553,165.0458334
1554,165.0788889
1555,165.1141667
1556,165.1508334
1557,165.2030556
1558,165.2422222
1559,165.2786111
1560,165.3513889
1561,165.4125
1562,165.4916667
1563,165.5019445
1564,165.5094445
1565,165.5183334
1566,165.5527778
1567,165.6994445
1568,165.7461111
1569,165.7947222
1570,165.8791667
1571,165.9669445
1572,166.0930556
1573,166.1744445
1574,166.2161111
1575,166.445
1576,166.7202778
1577,166.8872222
1578,167.0655556
1579,167.2230556
1580,167.3086111
1581,167.3508334
1582,167.3719445
1583,167.3852778
1584,167.3911111
1585,167.4327778
1586,167.5155556
1587,167.6047222
1588,167.6919445
1589,167.6969445
1590,167.7411111
1591,167.7413889
1592,167.7430556
1593,167.7522222
1594,167.7591667
1595,167.7644445
1596,167.9519445
1597,167.9563889
1598,167.9608334
1599,167.9672222
1600,167.9761111
1601,168.0052778
1602,168.0380556
1603,168.0538889
1604,168.0758334
1605,168.0922222
1606,168.1427778
1607,168.165
1608,168.2147222
1609,168.2411111
1610,168.2638889
1611,168.3913889
1612,168.4258334
1613,168.4802778
1614,168.5366667
1615,168.5805556
1616,168.6305556
1617,168.6544445
1618,168.7033334
1619,168.7386111
1620,168.7558334
1621,168.7738889
1622,168.8086111
1623,168.825
1624,168.8397222
1625,168.8536111
1626,168.8705556
1627,168.8908334
1628,168.9463889
1629,168.9813889
1630,169.0488889
1631,169.21
1632,169.3141667
1633,169.4877778
1634,169.5577778
1635,169.6063889
1636,169.6344445
1637,169.6497222
1638,169.7486111
1639,169.7902778
1640,169.7947222
1641,169.805
1642,169.8191667
1643,169.8580556
1644,169.9397222
1645,170.1180556
1646,170.135
1647,170.1425
1648,170.1541667
1649,170.1636111
1650,170.1711111
1651,170.1938889
1652,170.2375
1653,170.2641667
1654,170.2855556
1655,170.3025
1656,170.3075
1657,170.3152778
1658,170.3208334
1659,170.3286111
1660,170.3386111
1661,170.3441667
1662,170.3494445
1663,170.3572222
1664,170.3772222
1665,170.4108334
1666,170.4352778
1667,170.4519445
1668,170.4711111
1669,170.4872222
1670,170.5255556
1671,170.6069445
1672,170.6827778
1673,170.78
1674,170.8502778
1675,170.9366667
1676,170.9513889
1677,170.9655556
1678,170.9797222
1679,170.9994445
1680,171.0191667
1681,171.0338889
1682,171.0519445
1683,171.0658334
1684,171.0786111
1685,171.0927778
1686,171.2116667
1687,171.3913889
1688,171.5569445
1689,171.6977778
1690,171.8577778
1691,172.0275
1692,172.1688889
1693,172.2683334
1694,172.3755556
1695,172.4691667
1696,172.5833334
1697,172.6861111
1698,172.7661111
1699,172.8658334
1700,172.9736111
1701,173.2422222
1702,173.2694445
1703,173.3075
1704,173.3491667
1705,173.3808334
1706,173.3897222
1707,173.4038889
1708,173.4388889
1709,173.4505556
1710,173.4652778
1711,173.48
1712,173.4897222
1713,173.5508334
1714,173.5791667
1715,173.6111111
1716,173.6311111
1717,173.6516667
1718,173.6583334
1719,173.6663889
1720,173.6730556
1721,173.68
1722,173.7072222
1723,173.7391667
1724,173.76
1725,173.7708334
1726,173.7852778
1727,173.7913889
1728,173.7958334
1729,173.8
1730,173.8038889
1731,173.8275
1732,173.8541667
1733,173.865
1734,173.9069445
1735,174.1116667
1736,174.5277778
1737,174.7344445
1738,175.1197222
1739,175.4530556
1740,175.7458333
1741,176.0655556
1742,176.3136111
1743,176.4430556
1744,176.4794445
1745,176.6
1746,176.8
1747,176.8238889
1748,176.8758334
1749,176.8833334
1750,176.8925
1751,176.9002778
1752,176.9116667
1753,176.9180556
1754,176.9411111
1755,176.9597222
1756,176.9711111
1757,176.9927778
1758,177.0247222
1759,177.0922222
1760,177.1266667
1761,177.1997222
1762,177.2158333
1763,177.2313889
1764,177.2583333
1765,177.3102778
1766,177.3105556
1767,177.3108333
1768,177.3111111
1769,177.3113889
1770,201.1288889
1771,201.1533333
1772,201.1788889
1773,201.2044445
1774,201.2133333
1775,201.24
1776,201.2891667
1777,201.3088889
1778,201.3097222
1779,201.3105556
1780,201.3113889
1781,201.3416667
1782,201.3680556
1783,201.3883333
1784,201.4108333
1785,201.4377778
1786,201.4597222
1787,201.5458333
1788,201.5719445
1789,201.64
1790,201.6855556
1791,201.7183333
1792,201.7383333
1793,201.7505556
1794,201.7872222
1795,201.7944445
1796,201.8675
1797,201.9416667
1798,202.0441667
1799,202.1286111
1800,202.1861111
1801,202.2013889
1802,202.2175
1803,202.2358333
1804,202.2527778
1805,202.2602778
1806,202.2663889
1807,202.2716667
1808,202.2786111
1809,202.2855556
1810,202.3022222
1811,202.335
1812,202.3766667
1813,216.1083333
1814,216.1975
1815,216.3433333
1816,216.3747222
1817,216.3916667
1818,216.4008333
1819,216.41
1820,216.4188889
1821,216.4277778
1822,216.4738889
1823,216.4741667
1824,216.4744445
1825,216.4955556
1826,216.5166667
1827,216.52
1828,216.5297222
1829,216.5486111
1830,216.5611111
1831,216.5775
1832,216.5938889
1833,216.6155556
1834,216.6302778
1835,216.645
1836,216.6594445
1837,216.6733333
1838,216.6869445
1839,216.6933333
1840,216.6997222
1841,216.7083333
1842,216.7233333
1843,216.7580556
1844,216.7791667
1845,216.7961111
1846,216.8238889
1847,216.8605556
1848,216.8838889
1849,216.9088889
1850,216.9419445
1851,217.0063889
1852,217.0408333
1853,217.0886111
1854,217.1219445
1855,217.1552778
1856,217.1861111
1857,217.2169445
1858,217.2436111
1859,217.2644445
1860,217.3147222
1861,217.365
1862,217.3966667
1863,217.4541667
1864,217.4872222
1865,217.5883333
1866,217.6294445
1867,217.6811111
1868,217.6811111
1869,217.6811111
1870,217.6822222
1871,217.6844445
1872,217.6933333
1873,217.7069445
1874,217.7177778
1875,217.8616667
1876,217.8713889
1877,217.8797222
1878,217.8877778
1879,217.9044445
1880,217.915
1881,217.9302778
1882,217.9605556
1883,218.0122222
1884,218.0286111
1885,218.0511111
1886,218.0522222
1887,218.0838889
1888,218.1952778
1889,218.24
1890,218.2522222
1891,218.2527778
1892,218.2736111
1893,218.3052778
1894,218.3141667
1895,218.3241667
1896,218.3372222
1897,218.3533333
1898,218.3625
1899,218.3852778
1900,218.4258333
1901,218.4613889
1902,218.4883333
1903,218.5611111
1904,218.6155556
1905,218.6425
1906,218.6838889
1907,218.7552778
1908,218.7788889
1909,218.7919445
1910,218.8166667
1911,218.8272222
1912,218.8558333
1913,218.8747222
1914,218.8958333
1915,218.9308333
1916,218.9861111
1917,219.1497222
1918,219.2616667
1919,219.5366667
1920,219.6052778
1921,219.6119445
1922,219.6525
1923,219.6786111
1924,219.6913889
1925,219.6952778
1926,219.7163889
1927,219.7319445
1928,219.7472222
1929,219.755
1930,219.7708334
1931,219.7802778
1932,219.8083334
1933,219.8238889
1934,219.8413889
1935,219.8522222
1936,219.87
1937,220.0727778
1938,220.4622222
1939,220.5041667
1940,220.6086111
1941,220.8302778
1942,221.8627778
1943,221.9883334
1944,222.0536111
1945,222.1872222
1946,222.2811111
1947,222.4505556
1948,222.4511111
1949,222.4516667
1950,222.5597222
1951,222.5902778
1952,222.6369445
1953,222.6844445
1954,222.7358334
1955,222.7505556
1956,222.7794445
1957,222.8369445
1958,222.8516667
1959,222.8713889
1960,222.8875
1961,222.9075
1962,222.9275
1963,222.9441667
1964,222.9641667
1965,222.9841667
1966,223.0002778
1967,223.0230556
1968,223.0408334
1969,223.0761111
1970,223.09
1971,223.1038889
1972,223.1188889
1973,223.1372222
1974,223.1538889
1975,223.1705556
1976,223.1894445
1977,223.2075
1978,223.2255556
1979,223.2519445
1980,223.2613889
1981,223.2680556
1982,223.3211111
1983,223.3605556
1984,223.4161111
1985,223.4855556
1986,223.5283334
1987,223.5402778
1988,223.5511111
1989,223.5591667
1990,223.5711111
1991,223.5888889
1992,223.6013889
1993,223.7041667
1994,223.7383334
1995,223.7836111
1996,223.8125
1997,223.8288889
1998,223.8836111
1999,223.9016667
2000,223.9508334
2001,223.975
2002,224.0352778
2003,224.0622222
2004,224.3533334
2005,224.3772222
2006,224.4016667
2007,224.4280556
2008,224.5194445
2009,224.5402778
2010,224.5597222
2011,224.5983334
2012,224.65
2013,224.6930556
2014,224.7555556
2015,224.7825
2016,224.8238889
2017,224.8672222
2018,224.8833334
2019,224.8994445
2020,224.9236111
2021,224.9477778
2022,224.9719445
2023,225.0369445
2024,225.0797222
2025,225.1002778
2026,225.1008334
2027,225.1177778
2028,225.1344445
2029,225.1425
2030,225.2102778
2031,225.3594445
2032,225.3866667
2033,225.4480556
2034,225.4730556
2035,225.4869445
2036,225.4936111
2037,225.5219445
2038,225.5244445
2039,225.5316667
2040,225.5388889
2041,225.5455556
2042,225.5538889
2043,225.5677778
2044,225.5775
2045,225.5872223
2046,225.5991667
2047,225.6688889
2048,226.0591667
2049,226.36
2050,226.385
2051,226.4847222
2052,226.4975
2053,226.5097222
2054,226.5244445
2055,226.6275
2056,226.6502778
2057,226.6627778
2058,226.6780556
2059,226.705
2060,226.8530556
2061,226.8919445
2062,226.92
2063,226.9477778
2064,226.9627778
2065,226.9794445
2066,226.9966667
2067,227.0138889
2068,227.0419445
2069,227.0588889
2070,227.0758334
2071,227.14
2072,227.1477778
2073,227.26
2074,227.315
2075,227.4413889
2076,227.5183334
2077,227.6972222
2078,227.9375
2079,228.1777778
2080,228.1783334
2081,228.1788889
2082,228.1816667
2083,228.2075
2084,228.3430556
2085,228.4158334
2086,228.5186111
2087,228.5430556
2088,228.6819445
2089,228.8538889
2090,229.0008334
2091,229.1527778
2092,229.2530556
2093,229.2708334
2094,229.2930556
2095,229.3152778
2096,229.3261111
2097,229.3369445
2098,229.3613889
2099,229.3769445
2100,229.4102778
2101,229.4202778
2102,229.4322222
2103,229.4441667
2104,229.4638889
2105,229.4680556
2106,229.4877778
2107,229.4986111
2108,229.5083334
2109,229.5394445
2110,229.5463889
2111,229.6030556
2112,229.6236111
2113,229.64
2114,229.6783334
2115,229.6925
2116,229.6986111
2117,229.7047222
2118,229.7113889
2119,229.7188889
2120,229.7425
2121,229.7577778
2122,229.7722222
2123,229.7875
2124,229.8041667
2125,229.8194445
2126,229.8197222
2127,229.8213889
2128,229.8711111
2129,229.9388889
2130,229.9569445
2131,229.9705556
2132,229.9886111
2133,229.9919445
2134,229.9952778
2135,229.9980556
2136,230.0013889
2137,230.0080556
2138,230.0213889
2139,230.0213889
2140,230.0363889
2141,230.0527778
2142,230.0691667
2143,230.1588889
2144,230.2405556
2145,230.2630556
2146,230.3008334
2147,230.3097222
2148,230.3169445
2149,230.3277778
2150,230.3388889
2151,230.3497222
2152,230.5022222
2153,230.7069445
2154,231.07
2155,231.2869445
2156,242.59
2157,242.7608334
2158,242.8919445
2159,243.0569445
2160,243.2322222
2161,243.5161111
2162,243.8583334
2163,243.8736111
2164,243.8938889
2165,243.9044445
2166,243.9761111
2167,243.9902778
2168,244.06
2169,244.0936111
2170,244.1597222
2171,244.1816667
2172,244.7797222
2173,244.8016667
2174,244.8236111
2175,244.8455556
2176,244.8675
2177,244.8941667
2178,244.915
2179,244.9322222
2180,244.9419445
2181,244.9841667
2182,245.0438889
2183,245.0697222
2184,245.0863889
2185,245.1252778
2186,245.2336111
2187,245.3163889
2188,245.3980556
2189,245.4388889
2190,245.4525
2191,245.4719445
2192,245.4822222
2193,245.4944445
2194,245.4975
2195,245.4997222
2196,245.5033334
2197,245.505
2198,245.5597222
2199,245.5916667
2200,245.6002778
2201,245.6005556
2202,245.6438889
2203,245.68
2204,245.7063889
2205,245.74
2206,245.7538889
2207,245.7947222
2208,245.86
2209,245.9077778
2210,245.9463889
2211,245.9788889
2212,246.0091667
2213,246.0458334
2214,246.0733334
2215,246.1033334
2216,246.1258334
2217,246.2441667
2218,246.2611111
2219,246.2944445
2220,246.3458334
2221,246.4044445
2222,246.4908334
2223,246.5713889
2224,246.6327778
2225,246.6947222
2226,246.7391667
2227,246.945
2228,247.0875
2229,247.2780556
2230,247.4947222
2231,247.6741667
2232,247.7777778
2233,247.7863889
2234,247.8072222
2235,247.8155556
2236,247.8247222
2237,247.8338889
2238,247.8430556
2239,247.8513889
2240,247.8608333
2241,247.8702778
2242,247.8777778
2243,247.8916667
2244,247.9086111
2245,247.9408333
2246,247.9538889
2247,247.9663889
2248,248.0633333
2249,248.1394445
2250,248.2008333
2251,248.3333333
2252,248.5463889
2253,248.6208333
2254,248.65
2255,248.6983333
2256,248.8308333
2257,248.9430556
2258,249.0330556
2259,249.1677778
2260,249.1875
2261,249.4880556
2262,249.5219445
2263,249.6166667
2264,249.7255556
2265,249.8386111
2266,249.8911111
2267,249.9538889
2268,250.0544445
2269,250.1127778
2270,250.1886111
2271,250.2602778
2272,250.3511111
2273,250.3583333
2274,250.4591667
2275,250.5797222
2276,250.5941667
2277,250.6491667
2278,250.6527778
2279,250.6563889
2280,250.7222222
2281,250.7711111
2282,250.8066667
2283,250.8263889
2284,250.8469445
2285,250.8702778
2286,250.8858333
2287,250.9141667
2288,250.9655556
2289,250.9930556
2290,251.0019445
2291,251.0027778
2292,251.0430556
2293,251.0694445
2294,251.0919445
2295,251.1255556
2296,251.1933333
2297,251.22
2298,251.2397222
2299,251.3538889
2300,251.4086111
2301,251.4088889
2302,251.42
2303,251.4738889
2304,251.5644445
2305,251.5730556
2306,251.5894445
2307,251.6066667
2308,251.6361111
2309,251.6466667
2310,251.6708333
2311,251.6922222
2312,251.7694445
2313,251.8755556
2314,252.0872222
2315,252.3333333
2316,252.4511111
2317,252.5427778
2318,252.6672222
2319,252.7755556
2320,252.9177778
2321,253.2416667
2322,253.4488889
2323,253.4563889
2324,253.4641667
2325,253.4758333
2326,253.4875
2327,253.4930556
2328,253.5002778
2329,253.5088889
2330,253.5155556
2331,253.5233333
2332,253.5369445
2333,253.5605556
2334,253.5905556
2335,253.6166667
2336,253.6355556
2337,253.6566667
2338,253.665
2339,253.6794445
2340,253.6961111
2341,253.7230556
2342,253.7291667
2343,253.7352778
2344,253.7530556
2345,253.7594445
2346,253.7736111
2347,253.8330556
2348,253.8613889
2349,253.8738889
2350,253.8955556
2351,253.9327778
2352,253.9552778
2353,253.9716667
2354,253.9813889
2355,254.0175
2356,254.0733333
2357,254.0933333
2358,254.1133333
2359,254.1305556
2360,254.1566667
2361,254.1888889
2362,254.2094445
2363,254.2097222
2364,254.2272222
2365,254.2816667
2366,254.3063889
2367,254.3402778
2368,254.3805556
2369,254.4497222
2370,254.5066667
2371,254.5466667
2372,254.5591667
2373,254.5638889
2374,254.5672222
2375,254.5705556
2376,254.5738889
2377,254.6047222
2378,254.6258333
2379,254.6263889
2380,254.6291667
2381,254.6402778
2382,254.6755556
2383,254.6891667
2384,254.7263889
2385,254.7511111
2386,254.8233333
2387,254.8719445
2388,254.9205556
2389,255.0625
2390,255.0727778
2391,255.0827778
2392,255.0944445
2393,255.1027778
2394,255.1127778
2395,255.1180556
2396,255.1236111
2397,255.1313889
2398,255.1388889
2399,255.1661111
2400,255.2238889
2401,255.2405556
2402,255.2572222
2403,255.2636111
2404,255.2791667
2405,255.2883333
2406,255.2955556
2407,255.3027778
2408,255.4636111
2409,255.5288889
2410,256.0558333
2411,256.0677778
2412,256.0797222
2413,256.095
2414,256.1088889
2415,256.1269445
2416,256.2441667
2417,256.4605556
2418,256.7786111
2419,257.2675
2420,257.2880556
2421,257.3069445
2422,257.3447222
2423,257.4094445
2424,257.4252778
2425,257.4411111
2426,257.4572222
2427,257.4727778
2428,257.4863889
2429,257.5033333
2430,257.5202778
2431,257.5397222
2432,257.5525
2433,257.5663889
2434,257.5811111
2435,257.5952778
2436,257.6094445
2437,257.6238889
2438,257.6383333
2439,257.6502778
2440,257.6813889
2441,257.7044445
2442,257.7386111
2443,257.7619445
2444,257.7819445
2445,257.8041667
2446,257.8605556
2447,257.9044445
2448,257.9594445
2449,257.9797222
2450,258
2451,258.0238889
2452,258.0511111
2453,258.0627778
2454,258.0744445
2455,258.0827778
2456,258.1225
2457,258.1561111
2458,258.1688889
2459,258.1797222
2460,258.1916667
2461,258.2036111
2462,258.2372222
2463,258.2652778
2464,258.3188889
2465,258.3686111
2466,258.3966667
2467,258.4755556
2468,258.5586111
2469,258.5588889
2470,258.5591667
2471,258.5652778
2472,258.5722222
2473,258.58
2474,258.6238889
2475,258.6475
2476,258.6916667
2477,258.7083333
2478,258.725
2479,258.7588889
2480,258.8083333
2481,258.8658333
2482,258.8694445
2483,279.6575
2484,279.8052778
2485,279.9266667
2486,280.3280556
2487,280.3330556
2488,280.3380556
2489,280.3436111
2490,280.3594445
2491,280.3794445
2492,280.4016667
2493,280.4080556
2494,280.4144445
2495,280.4283333
2496,280.4375
2497,280.4466667
2498,280.4716667
2499,280.4980556
2500,280.5077778
2501,280.5397222
2502,280.5758333
2503,280.5977778
2504,280.6372222
2505,280.6811111
2506,280.7344445
2507,280.7394445
2508,280.7527778
2509,280.8572222
2510,280.8966667
2511,280.8983333
2512,280.9802778
2513,281.0891667
2514,281.1741667
2515,281.2388889
2516,281.2641667
2517,281.3208333
2518,281.3972222
2519,281.4502778
2520,281.5177778
2521,281.5811111
2522,281.5936111
2523,281.6
2524,281.6463889
2525,281.6638889
2526,281.7511111
2527,281.7822222
2528,281.8347222
2529,281.9358333
2530,282.0308333
2531,282.1491667
2532,282.1805556
2533,282.3666667
2534,282.3797222
2535,282.3941667
2536,282.3963889
2537,282.3986111
2538,282.4013889
2539,282.4061111
2540,282.4194445
2541,282.4327778
2542,282.4455556
2543,282.4555556
2544,282.4880556
2545,282.5205556
2546,282.5530556
2547,282.5977778
2548,282.6425
2549,282.6658334
2550,282.6975
2551,282.7416667
2552,282.7916667
2553,282.8327778
2554,282.8941667
2555,282.9630556
2556,283.0297222
2557,283.0825
2558,283.1280556
2559,283.1797222
2560,283.1997222
2561,283.2197222
2562,283.2386111
2563,283.2763889
2564,283.3194445
2565,283.36
2566,283.4069445
2567,283.4311111
2568,283.4486111
2569,283.4633333
2570,283.4844445
2571,283.5908333
2572,283.6252778
2573,283.6680556
2574,283.7108333
2575,283.7411111
2576,283.7788889
2577,283.8166667
2578,283.8183334
2579,283.8205556
2580,283.8258334
2581,283.8511111
2582,283.8611111
2583,283.8880556
2584,283.915
2585,283.9302778
2586,283.9455556
2587,283.9505556
2588,283.9505556
2589,283.9505556
2590,283.9597222
2591,283.9730556
2592,284.0747222
2593,284.2155556
2594,284.2208333
2595,284.2697222
2596,284.3077778
2597,284.3447222
2598,284.3869445
2599,284.3972222
2600,284.415
2601,284.4469445
2602,284.4475
2603,284.4886111
2604,284.5497222
2605,284.6088889
2606,284.6188889
2607,284.6283333
2608,284.6377778
2609,284.6622222
2610,284.7094445
2611,284.7513889
2612,284.7852778
2613,284.8263889
2614,284.8580556
2615,284.8883333
2616,284.9816667
2617,285.0886111
2618,285.1505556
2619,285.1747222
2620,285.1869445
2621,285.2002778
2622,285.2369445
2623,285.2761111
2624,285.3269445
2625,285.4166667
2626,285.4525
2627,285.4797222
2628,285.4897222
2629,285.5538889
2630,285.5780556
2631,285.5925
2632,285.6069445
2633,285.6180556
2634,285.6308333
2635,285.6516667
2636,285.6725
2637,285.7005556
2638,285.7066667
2639,285.7138889
2640,285.7191667
2641,285.7247222
2642,285.7294444
2643,285.7341667
2644,285.7441667
2645,285.7497222
2646,285.7536111
2647,285.7569444
2648,285.765
2649,285.7744444
2650,285.7838889
2651,285.79
2652,285.7963889
2653,285.8013889
2654,285.8066667
2655,285.8158333
2656,285.8255556
2657,285.8316667
2658,285.9316667
2659,285.9319444
2660,285.9375
2661,285.9433333
2662,285.9491667
2663,285.9572222
2664,285.9966667
2665,286.1019444
2666,286.1411111
2667,286.1811111
2668,286.2041667
2669,286.2194445
2670,286.29
2671,286.3736111
2672,286.4158333
2673,286.5172222
2674,286.5633333
2675,286.6072222
2676,286.6880556
2677,286.7552778
2678,286.7833333
2679,286.7927778
2680,286.8044445
2681,286.8341667
2682,286.8638889
2683,286.8936111
2684,286.9233333
2685,286.9366667
2686,286.955
2687,286.97
2688,286.9852778
2689,287.0086111
2690,287.0238889
2691,287.0386111
2692,287.0536111
2693,287.0686111
2694,287.0836111
2695,287.0969445
2696,287.1102778
2697,287.1494445
2698,287.1886111
2699,287.2355556
2700,287.3508333
2701,287.4005556
2702,287.4355556
2703,287.4444445
2704,287.4938889
2705,287.5983333
2706,287.6319444
2707,287.6491667
2708,287.6605556
2709,287.6925
2710,287.7430556
2711,287.7619445
2712,287.7808333
2713,287.8002778
2714,287.8166667
2715,287.8552778
2716,287.8836111
2717,287.9086111
2718,287.9175
2719,287.9269444
2720,287.9391667
2721,287.9513889
2722,287.9691667
2723,287.9925
2724,288.0183333
2725,288.0472222
2726,288.0730556
2727,288.0872222
2728,288.0930556
2729,288.1105556
2730,288.1233333
2731,288.1361111
2732,288.1497222
2733,288.1616667
2734,288.1736111
2735,288.1844444
2736,288.1961111
2737,288.2077778
2738,288.2194444
2739,288.2338889
2740,288.2455556
2741,288.2719444
2742,288.2983333
2743,288.3266667
2744,288.355
2745,288.3786111
2746,288.39
2747,288.3994444
2748,288.4155556
2749,288.4269444
2750,288.4416667
2751,288.4536111
2752,288.4622222
2753,288.4708333
2754,288.5205556
2755,288.5702778
2756,288.645
2757,288.6919444
2758,288.7377778
2759,288.9252778
2760,288.9633333
2761,288.9847222
2762,289.0316667
2763,289.0438889
2764,289.0613889
2765,289.0680556
2766,289.0841667
2767,289.0855556
2768,289.0875
2769,289.0897222
2770,289.0916667
2771,289.1016667
2772,289.145
2773,289.17
2774,289.2
2775,289.2133333
2776,289.2347222
2777,289.2511111
2778,289.2591667
2779,289.2758333
2780,289.3022222
2781,289.3402778
2782,289.4138889
2783,289.4388889
2784,289.4466667
2785,289.4544444
2786,289.4622222
2787,289.4686111
2788,289.4780556
2789,289.4875
2790,289.4947222
2791,289.5011111
2792,289.5083333
2793,289.5155556
2794,289.5230556
2795,289.5430556
2796,289.5655556
2797,289.5880556
2798,289.6088889
2799,289.6255556
2800,289.6422222
2801,289.6602778
2802,289.6680556
2803,289.6758333
2804,289.6841667
2805,289.6919444
2806,289.6997222
2807,289.7080556
2808,289.7133333
2809,289.7263889
2810,289.7313889
2811,289.7366667
2812,289.7419444
2813,289.7475
2814,289.7627778
2815,289.7780556
2816,289.8041667
2817,289.8313889
2818,289.8458333
2819,289.8655556
2820,289.8766667
2821,289.8944444
2822,289.9372222
2823,290.0533333
2824,290.0702778
2825,290.0727778
2826,290.0777778
2827,290.0897222
2828,290.1302778
2829,290.1483333
2830,290.1605556
2831,290.1708333
2832,290.1930556
2833,290.2125
2834,290.2286111
2835,290.2797222
2836,290.3075
2837,290.3222222
2838,290.34
2839,290.3577778
2840,290.3994444
2841,290.4213889
2842,290.4311111
2843,290.4422222
2844,290.45
2845,290.4525
2846,290.4661111
2847,290.4766667
2848,290.4847222
2849,290.5227778
2850,290.5361111
2851,290.5444444
2852,290.5825
2853,290.5944444
2854,290.6138889
2855,290.625
2856,290.6330556
2857,290.6597222
2858,290.6852778
2859,290.7047222
2860,290.7275
2861,290.7502778
2862,290.7788889
2863,290.7941667
2864,290.8219444
2865,290.8497222
2866,290.8563889
2867,290.8663889
2868,290.8691667
2869,290.8741667
2870,290.8805556
2871,290.9480556
2872,290.9636111
2873,290.9711111
2874,290.9816667
2875,290.9983333
2876,291.0075
2877,291.0222222
2878,291.0563889
2879,291.4861111
2880,291.5305556
2881,291.5355556
2882,291.6533333
2883,291.6730556
2884,291.7063889
2885,291.7297222
2886,291.7563889
2887,291.7830556
2888,291.8069444
2889,291.8072222
2890,291.8075
2891,291.8294444
2892,291.8513889
2893,291.8583333
2894,291.8622222
2895,291.8888889
2896,291.9094444
2897,291.9833333
2898,292.0505556
2899,292.0811111
2900,292.1138889
2901,292.1619444
2902,292.2430556
2903,292.3375
2904,292.4213889
2905,292.4336111
2906,292.4466667
2907,292.6847222
2908,292.7305556
2909,292.7525
2910,292.7725
2911,292.8480556
2912,292.8619444
2913,292.8766667
2914,292.8911111
2915,292.9241667
2916,292.9855556
2917,293.0552778
2918,293.1080556
2919,293.1430556
2920,293.1816667
2921,293.2502778
2922,293.3188889
2923,293.3508333
2924,293.3594444
2925,293.3725
2926,293.3919444
2927,293.4230556
2928,293.4738889
2929,293.5072222
2930,293.5305556
2931,293.5583333
2932,315.6647222
2933,315.7158333
2934,315.7986111
2935,315.8741667
2936,315.8772222
2937,315.8802778
2938,315.9202778
2939,315.9580556
2940,315.9863889
2941,316.0102778
2942,316.035
2943,316.0588889
2944,316.0930556
2945,316.1322222
2946,316.1513889
2947,316.175
2948,316.1986111
2949,316.2247222
2950,316.2508333
2951,316.2625
2952,316.2861111
2953,316.2938889
2954,316.3066667
2955,316.3355556
2956,316.3733333
2957,316.3866667
2958,316.4561111
2959,316.4977778
2960,316.5766667
2961,316.6380556
2962,316.7183333
2963,316.7911111
2964,316.8136111
2965,316.835
2966,316.8702778
2967,316.9138889
2968,316.9394444
2969,316.9508333
2970,316.9730556
2971,316.9952778
2972,317.0208333
2973,317.0513889
2974,317.0916667
2975,317.1336111
2976,317.1858333
2977,317.2180556
2978,317.2536111
2979,317.2866667
2980,317.2980556
2981,317.3094444
2982,317.3208333
2983,317.3333333
2984,317.3422222
2985,317.3469444
2986,317.3508333
2987,317.3605556
2988,317.3736111
2989,317.39
2990,317.4138889
2991,317.4505556
2992,317.4827778
2993,317.5025
2994,317.5255556
2995,317.5538889
2996,317.5719444
2997,317.6038889
2998,317.6327778
2999,317.6630556
3000,317.6813889
3001,317.7227778
3002,317.8197222
3003,317.9247222
3004,318.0658333
3005,318.1325
3006,318.17
3007,318.1875
3008,318.2061111
3009,318.2266667
3010,318.2469444
3011,318.2633333
3012,318.2819444
3013,318.3036111
3014,318.3222222
3015,318.3408333
3016,318.3544444
3017,318.3733333
3018,318.3797222
3019,318.3861111
3020,318.3927778
3021,318.3980556
3022,318.4038889
3023,318.41
3024,318.4172222
3025,318.4225
3026,318.4261111
3027,318.4322222
3028,318.4388889
3029,318.4455556
3030,318.4525
3031,318.4583333
3032,318.4716667
3033,318.4841667
3034,318.4897222
3035,318.4963889
3036,318.5016667
3037,318.5072222
3038,318.5158333
3039,318.5222222
3040,318.5352778
3041,318.5408333
3042,318.5469445
3043,318.5611111
3044,318.5666667
3045,318.5752778
3046,318.5813889
3047,318.5927778
3048,318.605
3049,318.6180556
3050,318.6297222
3051,318.6372222
3052,318.6436111
3053,318.65
3054,318.655
3055,318.6705556
3056,318.6861111
3057,318.6994445
3058,318.7158333
3059,318.8575
3060,318.8872222
3061,318.9044445
3062,318.92
3063,318.9516667
3064,318.9652778
3065,318.9811111
3066,318.9969445
3067,319.0125
3068,319.0455556
3069,319.0783333
3070,319.0908333
3071,319.1627778
3072,319.2305556
3073,319.3027778
3074,319.3830556
3075,319.4488889
3076,319.4902778
3077,319.5175
3078,319.5433333
3079,319.6033333
3080,319.6083333
3081,319.6405556
3082,319.67
3083,319.6983333
3084,319.7161111
3085,319.7433333
3086,319.7472222
3087,319.7538889
3088,319.7577778
3089,319.7644444
3090,319.7705556
3091,319.7766667
3092,319.7802778
3093,319.8102778
3094,319.8686111
3095,319.8880556
3096,319.8938889
3097,319.9008333
3098,319.9316667
3099,319.9625
3100,320.0405556
3101,320.0586111
3102,320.0766667
3103,320.0963889
3104,320.1002778
3105,320.1080556
3106,320.1513889
3107,320.1580556
3108,320.1652778
3109,320.1691667
3110,320.1730556
3111,320.1766667
3112,320.1808333
3113,320.1941667
3114,320.1969444
3115,320.2022222
3116,320.2125
3117,320.2297222
3118,320.235
3119,320.2641667
3120,320.2680556
3121,320.2727778
3122,320.2936111
3123,320.3172222
3124,320.33
3125,320.3380556
3126,320.3444444
3127,320.3525
3128,320.3691667
3129,320.3808333
3130,320.4163889
3131,320.4688889
3132,320.51
3133,320.5922222
3134,320.6797222
3135,320.7172222
3136,320.7647222
3137,320.8444445
3138,320.8819445
3139,321.0025
3140,321.1383333
3141,321.2769445
3142,321.4455556
3143,321.5830556
3144,321.7194444
3145,321.8725
3146,321.9941667
3147,322.0605556
3148,322.1519444
3149,322.1886111
3150,322.2283333
3151,322.2463889
3152,322.2744445
3153,322.3008333
3154,322.3069445
3155,322.3236111
3156,322.3297222
3157,322.3358333
3158,322.3413889
3159,322.3458333
3160,322.3525
3161,322.3680556
3162,322.4047222
3163,322.4222222
3164,322.4588889
3165,322.5236111
3166,322.5633333
3167,322.5647222
3168,322.5680556
3169,322.5777778
3170,322.5811111
3171,322.5813889
3172,322.5891667
3173,322.61
3174,322.6325
3175,322.6886111
3176,322.7166667
3177,322.7394445
3178,322.7502778
3179,322.7866667
3180,322.8283333
3181,322.87
3182,322.9027778
3183,322.9402778
3184,322.9777778
3185,322.9791667
3186,323.0369445
3187,323.0719445
3188,323.0880556
3189,323.0933333
3190,323.1044445
3191,323.1227778
3192,323.1694445
3193,323.2269445
3194,323.2852778
3195,323.3777778
3196,323.4722222
3197,323.5275
3198,323.5413889
3199,323.5611111
3200,323.6461111
3201,323.6747222
3202,323.6883333
3203,323.7269445
3204,323.8313889
3205,324.0113889
3206,324.1813889
3207,324.2713889
3208,324.2966667
3209,324.3369445
3210,324.3583333
3211,324.3775
3212,324.4169445
3213,324.4502778
3214,324.4580556
3215,324.5283333
3216,324.5286111
3217,324.5425
3218,324.5566667
3219,324.5686111
3220,324.5805556
3221,324.6233333
3222,324.6430556
3223,324.7080556
3224,324.7408333
3225,324.8272222
3226,324.8455556
3227,324.8516667
3228,324.8594445
3229,324.8672222
3230,324.9252778
3231,324.9980556
3232,325.0491667
3233,325.0922222
3234,325.1633333
3235,325.1638889
3236,325.1644445
3237,325.1894445
3238,325.2294445
3239,325.2341667
3240,325.2344445
3241,325.2647222
3242,325.295
3243,325.3102778
3244,325.3291667
3245,325.3480556
3246,325.3894445
3247,325.4147222
3248,325.4355556
3249,325.4613889
3250,325.5347222
3251,325.58
3252,325.6416667
3253,325.6952778
3254,325.7002778
3255,325.7052778
3256,325.725
3257,325.7447222
3258,325.7711111
3259,325.7905556
3260,325.81
3261,325.8277778
3262,325.8372222
3263,325.845
3264,325.8677778
3265,325.8716667
3266,325.8758333
3267,325.8825
3268,325.9477778
3269,325.9852778
3270,326.0155556
3271,326.0358333
3272,326.0363889
3273,326.0480556
3274,326.0719445
3275,326.0988889
3276,326.1205556
3277,326.1422222
3278,326.1658334
3279,326.1897222
3280,326.2163889
3281,326.2452778
3282,326.2580556
3283,326.2722222
3284,326.2863889
3285,326.2983334
3286,326.3144445
3287,326.3266667
3288,326.3402778
3289,326.3591667
3290,326.3791667
3291,326.4152778
3292,326.4502778
3293,326.4694445
3294,326.4886111
3295,326.5030556
3296,326.5208334
3297,326.5386111
3298,326.5536111
3299,326.6322222
3300,326.6647222
3301,326.6961111
3302,326.7275
3303,326.7641667
3304,326.8322222
3305,326.8927778
3306,326.9438889
